Parameter	Value
baseline	2.3790713180746067e-15
A	22.65451224954795
ec50	7.732395450633023
n	2.9116431362183146
k	0.017770569774294896
