Parameter	Value
baseline	2.5331026073267693e-15
A	21.07456645859007
ec50	7.92481769718029
n	2.865822567996985
k	0.026259625446329985
