Parameter	Value
baseline	1.786743108531809e-18
A	19.9590136035295
ec50	7.739177050576484
n	2.8652000550702983
k	0.01879938948992237
