Parameter	Value
baseline	3.3336488277914777e-21
A	21.32968148162413
ec50	7.828858335323336
n	3.0369766068651614
k	0.02089025336475681
