Parameter	Value
baseline	7.981335910885975e-15
A	23.368893741111798
ec50	8.915550065454244
n	2.488612834400717
k	0.021264707080427134
