Parameter	Value
baseline	4.388928114436637e-14
A	17.647196438435245
ec50	7.420051697903277
n	2.9273001394085534
k	0.010323690512095737
