Parameter	Value
baseline	4.800197172053919e-17
A	53.59830074457017
ec50	8.436071854210375
n	2.9368753506662215
k	0.018560720326889175
