Parameter	Value
baseline	6.568997794468572e-17
A	18.515886990913373
ec50	7.051516330082438
n	3.057897896382361
k	0.010283882503713404
