Parameter	Value
baseline	4.2175903606699053e-19
A	20.522085193220693
ec50	7.599477730735396
n	2.9213410753593103
k	0.015464879491684298
