Parameter	Value
baseline	1.5975920678207248e-16
A	47.09421527982381
ec50	5.886150323222662
n	2.5087113158886605
k	0.008064008103833793
