Parameter	Value
baseline	3.3893858471398356e-14
A	34.37593147988638
ec50	9.16820685323634
n	2.7658172272411687
k	0.011709499324153006
